{"accuracy": [0.1565900295972824, 0.30625128746032715, 0.46653664112091064, 0.5886881351470947, 0.666290283203125, 0.7315746545791626, 0.7731985449790955, 0.8079963326454163, 0.8309382200241089, 0.8485423922538757, 0.8625538945198059, 0.8775918483734131, 0.8888831734657288, 0.8975569605827332, 0.9026893973350525, 0.9098747968673706, 0.9090535640716553, 0.9163929224014282, 0.919215738773346, 0.9194723963737488, 0.9242968559265137, 0.9218845963478088, 0.9256312847137451, 0.9288647174835205, 0.9316875338554382, 0.9328166842460632, 0.935639500617981, 0.9360501170158386, 0.9342537522315979, 0.9384109973907471], "loss": [2.408897876739502, 1.9811161756515503, 1.5975273847579956, 1.2590199708938599, 1.0109257698059082, 0.8290225863456726, 0.6920256018638611, 0.5928880572319031, 0.5215916633605957, 0.45956724882125854, 0.4174753427505493, 0.3746216595172882, 0.34449055790901184, 0.31210723519325256, 0.29906564950942993, 0.27907684445381165, 0.27562952041625977, 0.2585785686969757, 0.25000447034835815, 0.2437835931777954, 0.22995081543922424, 0.23215623199939728, 0.22787049412727356, 0.2211901843547821, 0.20837683975696564, 0.2009204477071762, 0.1994757056236267, 0.1944561004638672, 0.20035478472709656, 0.18597935140132904], "val_accuracy": [0.16018572449684143, 0.3717353343963623, 0.4387695789337158, 0.4393499791622162, 0.5104469060897827, 0.5992454886436462, 0.5957632064819336, 0.6375507712364197, 0.6796285510063171, 0.7716192603111267, 0.7301218509674072, 0.7983168959617615, 0.7782936692237854, 0.7675566077232361, 0.6958792805671692, 0.8511317372322083, 0.8450376987457275, 0.8232733607292175, 0.860998272895813, 0.8395240902900696, 0.8511317372322083, 0.8839234113693237, 0.8418456315994263, 0.8357515931129456, 0.8641903400421143, 0.891468346118927, 0.8769587874412537, 0.8673824667930603, 0.8932095170021057, 0.8911781907081604], "val_loss": [2.2613561153411865, 1.889465093612671, 1.6901021003723145, 1.5256009101867676, 1.4177627563476562, 1.2268590927124023, 1.224431037902832, 1.0974640846252441, 0.999460756778717, 0.6762510538101196, 0.885553240776062, 0.6233041882514954, 0.7026824951171875, 0.8355578780174255, 0.9611285328865051, 0.5251361131668091, 0.5284819006919861, 0.5440457463264465, 0.4952281713485718, 0.48238280415534973, 0.5060999393463135, 0.40107399225234985, 0.4860452711582184, 0.49590879678726196, 0.41803473234176636, 0.35825836658477783, 0.4195287823677063, 0.46399256587028503, 0.3775087594985962, 0.3757697641849518], "learning_rate": [9.999999747378752e-06, 9.999999747378752e-06, 9.999999747378752e-06, 9.999999747378752e-06, 9.999999747378752e-06, 9.999999747378752e-06, 9.999999747378752e-06, 9.999999747378752e-06, 9.999999747378752e-06, 9.999999747378752e-06, 9.999999747378752e-06, 9.999999747378752e-06, 9.999999747378752e-06, 9.999999747378752e-06, 9.999999747378752e-06, 4.999999873689376e-06, 4.999999873689376e-06, 4.999999873689376e-06, 4.999999873689376e-06, 4.999999873689376e-06, 4.999999873689376e-06, 4.999999873689376e-06, 4.999999873689376e-06, 4.999999873689376e-06, 4.999999873689376e-06, 2.499999936844688e-06, 2.499999936844688e-06, 2.499999936844688e-06, 2.499999936844688e-06, 1.249999968422344e-06]}